First Name,Last Name,Jersey,Position,Games Played,Points,Total Goals,1pt Goals,2pt Goals,Scoring Points,Assists,Shots,Shot Pct,Shots On Goal,SOG Pct,2pt Shots,2pt Shot Pct,2pt Shots On Goal,Groundballs,Turnovers,Caused Turnovers,Faceoffs,Faceoff Wins,Faceoff Losses,Faceoff Pct,Saves,Save Pct,Scores Against,Scores Against Average,2pt Goals Against,2pt GAA,Time On Field,Total Penalties,Penalty Minutes,Power Play Goals,Power Play Shots,Short Handed Goals,Short Handed Shots,Short Handed Goals Against,Power Play Goals Against
Zed,Williams,,,9,30,18,18,0,18,12,62,0.2903225806451610,30,0.4838709677419360,0,0,0,23,13,2,0,0,0,0,0,0,0,0,0,0,0,0,0,2,0,0,0,,0
Zack,Greer,,,3,4,3,3,0,3,1,18,0.16666666666666700,8,0.4444444444444440,0,0,0,1,3,0,0,0,0,0,0,0,0,0,0,0,0,0,0,0,0,0,0,,0
Zachary,Price,,,2,0,0,0,0,0,0,0,0,0,0,0,0,0,5,4,0,0,0,0,0,0,0,0,0,0,0,0,0,0,0,0,0,0,,0
Zach,Melillo,,,1,0,0,0,0,0,0,0,0,0,0,0,0,0,4,0,0,24,6,18,0.25,0,0,0,0,0,0,0,0,0,0,0,0,0,,0
Zach,Currier,,,7,22,12,12,0,12,10,27,0.4444444444444440,18,0.6666666666666670,0,0,0,30,11,3,0,0,0,0,0,0,0,0,0,0,0,0,4,0,0,0,0,,0
Zach,Bryant,,,9,2,2,2,0,2,0,7,0.2857142857142860,3,0.42857142857142900,0,0,0,11,2,7,0,0,0,0,0,0,0,0,0,0,0,0,0,0,0,0,0,,0
Will,Sands,,,5,17,7,7,0,7,10,16,0.4375,12,0.75,0,0,0,4,12,0,0,0,0,0,0,0,0,0,0,0,0,0,0,1,0,0,0,,0
Will,McBride,,,1,0,0,0,0,0,0,0,0,0,0,0,0,0,0,0,0,0,0,0,0,0,0,0,0,0,0,0,0,0,0,0,0,0,,0
Will,Manny,,,14,62,41,41,0,41,21,107,0.38317757009345800,79,0.7383177570093460,0,0,0,19,32,4,0,0,0,0,0,0,0,0,0,0,0,0,3,3,0,1,0,,0
Will,Koshansky,,,3,0,0,0,0,0,0,0,0,0,0,0,0,0,3,1,0,0,0,0,0,0,0,0,0,0,0,0,0,0,0,0,0,0,,0
Will,Haus,,,12,8,5,5,0,5,3,21,0.23809523809523800,14,0.6666666666666670,0,0,0,25,5,3,0,0,0,0,0,0,0,0,0,0,0,0,4,0,0,0,0,,0
Wilkins,Dismuke,,,1,2,1,1,0,1,1,3,0.3333333333333330,3,1,0,0,0,3,4,0,0,0,0,0,0,0,0,0,0,0,0,0,0,1,0,0,0,,0
Wes,Berg,,,7,12,5,5,0,5,7,25,0.2,13,0.52,0,0,0,8,8,3,0,0,0,0,0,0,0,0,0,0,0,0,0,2,0,0,0,,0
Tyler,Young,,,1,0,0,0,0,0,0,0,0,0,0,0,0,0,0,0,0,0,0,0,0,0,0,0,0,0,0,0,0,0,0,0,0,0,,0
Tyler,Warner,,,5,0,0,0,0,0,0,3,0,1,0.3333333333333330,0,0,0,3,0,4,0,0,0,0,0,0,0,0,0,0,0,0,1,0,0,0,0,,0
Tyler,Pfister,,,14,4,4,4,0,4,0,15,0.26666666666666700,8,0.5333333333333330,0,0,0,20,5,3,0,0,0,0,0,0,0,0,0,0,0,0,4,0,0,0,0,,0
Tyler,Fiorito,,,7,0,0,0,0,0,0,0,0,0,0,0,0,0,22,2,1,0,0,0,0,87,0.4806629834,98,12.061538461538500,4,0.4923076923,23400,0,0,0,0,0,0,,0
Ty,Thompson,,,13,39,36,36,0,36,3,69,0.5217391304347830,54,0.782608695652174,0,0,0,15,15,3,0,0,0,0,0,0,0,0,0,0,0,0,0,4,0,0,0,,0
Tucker,James,,,2,0,0,0,0,0,0,4,0,2,0.5,0,0,0,1,1,0,0,0,0,0,0,0,0,0,0,0,0,0,0,0,0,0,0,,0
Tucker,Durkin,,,11,0,0,0,0,0,0,0,0,0,0,0,0,0,16,4,5,0,0,0,0,0,0,0,0,0,0,0,0,1,0,0,0,0,,0
Troy,Reh,,,9,4,1,1,0,1,3,5,0.2,3,0.6,0,0,0,27,0,1,5,2,3,0.4,0,0,0,0,0,0,0,0,1,0,0,0,0,,0
Trevor,Baptiste,,,7,3,3,3,0,3,0,15,0.2,7,0.4666666666666670,0,0,0,63,6,2,222,123,99,0.5540540540540540,0,0,0,0,0,0,0,0,1,0,0,0,0,,0
Tommy,Palasek,,,13,26,16,16,0,16,10,52,0.3076923076923080,39,0.75,0,0,0,11,20,1,0,0,0,0,0,0,0,0,0,0,0,0,1,1,0,0,0,,0
Tommy,Hughes,,,3,1,0,0,0,0,1,4,0,4,1,0,0,0,14,2,0,69,32,37,0.463768115942029,0,0,0,0,0,0,0,0,0,0,0,0,0,,0
Tom,Schreiber,,,4,17,5,5,0,5,12,25,0.2,12,0.48,0,0,0,4,9,1,0,0,0,0,0,0,0,0,0,0,0,0,0,0,0,0,0,,0
Tom,Moore,,,5,8,6,6,0,6,2,31,0.1935483870967740,21,0.6774193548387100,0,0,0,4,12,0,0,0,0,0,0,0,0,0,0,0,0,0,0,1,0,0,0,,0
Tom,Kennedy,,,6,1,0,0,0,0,1,1,0,1,1,0,0,0,3,6,0,0,0,0,0,0,0,0,0,0,0,0,0,0,0,0,0,0,,0
Timothy,Schwalje,,,3,4,0,0,0,0,4,10,0,5,0.5,0,0,0,3,5,0,0,0,0,0,0,0,0,0,0,0,0,0,0,0,0,0,0,,0
Tim,Muller,,,14,4,1,1,0,1,3,3,0.3333333333333330,2,0.6666666666666670,0,0,0,28,4,10,0,0,0,0,0,0,0,0,0,0,0,0,1,0,0,0,0,,0
Tim,Harder,,,1,1,0,0,0,0,1,0,0,0,0,0,0,0,0,0,0,0,0,0,0,0,0,0,0,0,0,0,0,0,0,0,0,0,,0
Tim,Edwards,,,10,6,5,4,1,6,0,9,0.5555555555555560,8,0.8888888888888890,0,0,0,16,5,4,0,0,0,0,0,0,0,0,0,0,0,0,1,0,0,0,0,,0
Tim,Barber,,,10,7,5,4,1,6,1,25,0.2,14,0.56,0,0,0,4,9,0,0,0,0,0,0,0,0,0,0,0,0,0,0,1,0,0,0,,0
Thomas,Zenker,,,12,0,0,0,0,0,0,0,0,0,0,0,0,0,9,1,6,0,0,0,0,0,0,0,0,0,0,0,0,0,0,0,0,0,,0
Thomas,Kelly,,,14,2,1,1,0,1,1,7,0.14285714285714300,5,0.7142857142857140,0,0,0,84,12,1,442,256,186,0.579185520361991,0,0,0,0,0,0,0,0,1,0,0,0,0,,0
Tanner,Griffin,,,1,0,0,0,0,0,0,0,0,0,0,0,0,0,0,0,0,0,0,0,0,0,0,0,0,0,0,0,0,0,0,0,0,0,,0
Steven,Waldeck,,,12,7,3,1,2,5,2,12,0.25,11,0.9166666666666670,0,0,0,20,11,8,0,0,0,0,0,0,0,0,0,0,0,0,4,0,0,0,0,,0
Steven,DeNapoli,,,4,3,2,2,0,2,1,4,0.5,2,0.5,0,0,0,6,2,1,0,0,0,0,0,0,0,0,0,0,0,0,2,0,0,0,0,,0
Steven,Brooks,,,14,11,8,8,0,8,3,48,0.16666666666666700,25,0.5208333333333330,0,0,0,10,5,2,0,0,0,0,0,0,0,0,0,0,0,0,2,0,0,0,0,,0
Stephen,Kelly,,,14,2,1,1,0,1,1,11,0.09090909090909090,8,0.7272727272727270,0,0,0,101,2,2,361,196,165,0.5429362880886430,0,0,0,0,0,0,0,0,2,0,0,0,0,,0
Stephen,Ianzito,,,4,0,0,0,0,0,0,0,0,0,0,0,0,0,1,0,0,0,0,0,0,0,0,0,0,0,0,0,0,1,0,0,0,0,,0
Steele,Stanwick,,,10,26,19,19,0,19,7,42,0.4523809523809520,35,0.8333333333333330,0,0,0,11,15,0,0,0,0,0,0,0,0,0,0,0,0,0,3,1,0,0,0,,0
Shawn,Evans,,,3,11,5,5,0,5,6,16,0.3125,11,0.6875,0,0,0,2,5,0,0,0,0,0,0,0,0,0,0,0,0,0,3,1,0,0,0,,0
Shane,Doss,,,6,0,0,0,0,0,0,0,0,0,0,0,0,0,0,0,0,0,0,0,0,0,0,0,0,0,0,0,0,0,0,0,0,0,,0
Shack,Stanwick,,,4,13,5,5,0,5,8,14,0.35714285714285700,10,0.7142857142857140,0,0,0,4,5,0,0,0,0,0,0,0,0,0,0,0,0,0,0,0,0,0,0,,0
Sergio,Salcido,,,13,22,15,15,0,15,7,70,0.21428571428571400,38,0.5428571428571430,0,0,0,8,10,4,0,0,0,0,0,0,0,0,0,0,0,0,0,1,0,1,0,,0
Sergio,Perkovic,,,11,19,14,13,1,15,4,62,0.22580645161290300,29,0.46774193548387100,0,0,0,5,14,1,0,0,0,0,0,0,0,0,0,0,0,0,2,0,0,0,0,,0
Sean,O'Brien,,,1,1,1,1,0,1,0,3,0.3333333333333330,1,0.3333333333333330,0,0,0,0,0,0,0,0,0,0,0,0,0,0,0,0,0,0,0,1,0,0,0,,0
Sean,Meagher,,,1,0,0,0,0,0,0,1,0,0,0,0,0,0,0,0,0,0,0,0,0,0,0,0,0,0,0,0,0,0,0,0,0,0,,0
Sean,Mayle,,,11,4,3,2,1,4,0,11,0.2727272727272730,6,0.5454545454545450,0,0,0,10,3,1,4,1,3,0.25,0,0,0,0,0,0,0,0,3,0,0,0,0,,0
Sean,Lawton,,,3,3,2,1,1,3,0,12,0.16666666666666700,6,0.5,0,0,0,1,2,0,0,0,0,0,0,0,0,0,0,0,0,0,0,0,0,0,0,,0
Scott,Rodgers,,,13,0,0,0,0,0,0,0,0,0,0,0,0,0,6,2,0,0,0,0,0,30,0.5357142857,26,13.604651162790700,0,0,5504,0,0,0,0,0,0,,0
Scott,Ratliff,,,14,15,8,6,2,10,5,24,0.3333333333333330,21,0.875,0,0,0,78,16,13,1,0,1,0,0,0,0,0,0,0,0,0,4,0,0,1,0,,0
Scott,Hooper,,,5,0,0,0,0,0,0,0,0,0,0,0,0,0,8,5,3,0,0,0,0,0,0,0,0,0,0,0,0,1,0,0,0,0,,0
Scott,Firman,,,3,0,0,0,0,0,0,0,0,0,0,0,0,0,6,1,0,0,0,0,0,0,0,0,0,0,0,0,0,0,0,0,0,0,,0
Scott,Bieda,,,5,0,0,0,0,0,0,5,0,4,0.8,0,0,0,4,5,0,0,0,0,0,0,0,0,0,0,0,0,0,1,0,0,0,0,,0
Ryan,Walsh,,,7,6,4,4,0,4,2,20,0.2,8,0.4,0,0,0,8,9,0,0,0,0,0,0,0,0,0,0,0,0,0,0,0,0,0,0,,0
Ryan,Tucker,,,12,20,16,13,3,19,1,37,0.43243243243243200,32,0.8648648648648650,0,0,0,6,5,1,0,0,0,0,0,0,0,0,0,0,0,0,0,4,0,0,0,,0
Ryan,McNamara,,,14,35,23,21,2,25,10,88,0.26136363636363600,48,0.5454545454545450,0,0,0,6,19,2,0,0,0,0,0,0,0,0,0,0,0,0,0,2,0,0,0,,0
Ryan,Keenan,,,8,15,11,11,0,11,4,33,0.3333333333333330,20,0.6060606060606060,0,0,0,6,13,1,0,0,0,0,0,0,0,0,0,0,0,0,0,2,0,0,0,,0
Ryan,Flanagan,,,5,0,0,0,0,0,0,1,0,1,1,0,0,0,4,0,0,0,0,0,0,0,0,0,0,0,0,0,0,0,0,0,0,0,,0
Ryan,Drenner,,,12,25,15,15,0,15,10,55,0.2727272727272730,37,0.6727272727272730,0,0,0,25,16,1,0,0,0,0,0,0,0,0,0,0,0,0,1,1,0,0,0,,0
Ryan,Brown,,,11,37,31,30,1,32,5,122,0.2540983606557380,68,0.5573770491803280,0,0,0,13,16,2,0,0,0,0,0,0,0,0,0,0,0,0,2,4,0,0,0,,0
Ryan,Ambler,,,9,19,13,13,0,13,6,32,0.40625,18,0.5625,0,0,0,11,10,1,0,0,0,0,0,0,0,0,0,0,0,0,1,0,0,0,0,,0
Romar,Dennis,,,13,22,14,10,4,18,4,86,0.16279069767441900,47,0.5465116279069770,0,0,0,12,10,1,0,0,0,0,0,0,0,0,0,0,0,0,0,1,0,0,0,,0
Robert,Maddux,,,1,3,3,3,0,3,0,9,0.3333333333333330,7,0.7777777777777780,0,0,0,0,0,0,0,0,0,0,0,0,0,0,0,0,0,0,0,0,0,0,0,,0
Robby,Haus,,,1,0,0,0,0,0,0,0,0,0,0,0,0,0,0,0,0,0,0,0,0,0,0,0,0,0,0,0,0,0,0,0,0,0,,0
Rob,Pannell,,,13,78,43,43,0,43,35,108,0.39814814814814800,69,0.6388888888888890,0,0,0,24,29,1,0,0,0,0,0,0,0,0,0,0,0,0,0,4,0,0,0,,0
Randy,Staats,,,2,7,6,6,0,6,1,11,0.5454545454545450,7,0.6363636363636360,0,0,0,1,5,0,0,0,0,0,0,0,0,0,0,0,0,0,0,0,0,0,0,,0
PT,Ricci,,,10,0,0,0,0,0,0,0,0,0,0,0,0,0,23,1,9,0,0,0,0,0,0,0,0,0,0,0,0,0,0,0,0,0,,0
Pierce,Bassett,,,12,0,0,0,0,0,0,1,0,0,0,0,0,0,24,1,1,0,0,0,0,49,0.4803921569,54,10.525888324873100,1,0.1949238579,14775,0,1,0,0,0,0,,0
Peter,Conley,,,1,2,0,0,0,0,2,5,0,2,0.4,0,0,0,0,0,0,0,0,0,0,0,0,0,0,0,0,0,0,0,0,0,0,0,,0
Paul,Rabil,,,12,45,29,27,2,31,14,86,0.3372093023255810,59,0.686046511627907,0,0,0,9,27,1,0,0,0,0,0,0,0,0,0,0,0,0,2,3,0,0,0,,0
Patrick,Resch,,,5,0,0,0,0,0,0,2,0,2,1,0,0,0,12,2,1,0,0,0,0,0,0,0,0,0,0,0,0,0,0,0,0,0,,0
Patrick,Harbeson,,,9,5,4,4,0,4,1,7,0.5714285714285710,5,0.7142857142857140,0,0,0,10,7,2,0,0,0,0,0,0,0,0,0,0,0,0,3,0,0,0,0,,0
Pat,Young,,,7,6,6,6,0,6,0,16,0.375,9,0.5625,0,0,0,2,6,0,0,0,0,0,0,0,0,0,0,0,0,0,0,0,0,0,0,,0
Pat,Frazier,,,5,0,0,0,0,0,0,0,0,0,0,0,0,0,9,1,2,0,0,0,0,0,0,0,0,0,0,0,0,1,0,0,0,0,,0
Noah,Rak,,,8,3,0,0,0,0,3,3,0,1,0.3333333333333330,0,0,0,31,4,0,170,69,101,0.40588235294117600,0,0,0,0,0,0,0,0,1,0,0,0,0,,0
Niko,Amato,,,12,0,0,0,0,0,0,0,0,0,0,0,0,0,40,8,0,0,0,0,0,154,0.5365853659,139,10.344186046511600,6,0.4465116279,38700,0,0,0,0,0,0,,0
Nicky,Galasso,,,3,2,2,2,0,2,0,5,0.4,4,0.8,0,0,0,0,3,0,0,0,0,0,0,0,0,0,0,0,0,0,0,0,0,0,0,,0
Nick,Ossello,,,9,1,0,0,0,0,1,13,0,2,0.15384615384615400,0,0,0,8,2,1,10,4,6,0.4,0,0,0,0,0,0,0,0,3,0,0,0,0,,0
Nick,Marrocco,,,5,0,0,0,0,0,0,0,0,0,0,0,0,0,13,1,1,0,0,0,0,0,0,0,0,0,0,0,0,0,0,0,0,0,,0
Nick,Mariano,,,14,23,18,18,0,18,5,52,0.34615384615384600,36,0.6923076923076920,0,0,0,15,12,1,0,0,0,0,0,0,0,0,0,0,0,0,4,3,0,0,0,,0
Nick,Manis,,,13,0,0,0,0,0,0,6,0,0,0,0,0,0,6,3,8,0,0,0,0,0,0,0,0,0,0,0,0,3,0,0,0,0,,0
Nick,Aponte,,,3,3,1,1,0,1,2,9,0.1111111111111110,5,0.5555555555555560,0,0,0,4,11,1,0,0,0,0,0,0,0,0,0,0,0,0,0,0,0,0,0,,0
Nicholas,Tintle,,,13,5,2,2,0,2,3,7,0.2857142857142860,4,0.5714285714285710,0,0,0,17,4,11,0,0,0,0,0,0,0,0,0,0,0,0,1,0,0,0,0,,0
Ned,Crotty,,,8,25,16,15,1,17,8,46,0.34782608695652200,30,0.6521739130434780,0,0,0,3,15,2,0,0,0,0,0,0,0,0,0,0,0,0,0,1,0,0,0,,0
Nathan,Lewnes,,,4,6,6,6,0,6,0,17,0.35294117647058800,11,0.6470588235294120,0,0,0,4,3,0,0,0,0,0,0,0,0,0,0,0,0,0,0,0,0,0,0,,0
Myles,Jones,,,14,38,22,21,1,23,15,100,0.22,58,0.58,0,0,0,7,17,3,0,0,0,0,0,0,0,0,0,0,0,0,2,0,0,0,0,,0
Morgan,Cheek,,,1,2,1,1,0,1,1,1,1,1,1,0,0,0,0,0,0,0,0,0,0,0,0,0,0,0,0,0,0,0,0,0,0,0,,0
Mitch,Belisle,,,14,0,0,0,0,0,0,3,0,3,1,0,0,0,31,4,9,0,0,0,0,0,0,0,0,0,0,0,0,1,0,0,0,0,,0
Mikie,Schlosser,,,14,26,23,23,0,23,3,63,0.36507936507936500,38,0.6031746031746030,0,0,0,10,15,2,0,0,0,0,0,0,0,0,0,0,0,0,0,1,0,2,0,,0
Mike,Unterstein,,,11,3,1,1,0,1,2,6,0.16666666666666700,4,0.6666666666666670,0,0,0,18,7,2,1,0,1,0,0,0,0,0,0,0,0,0,6,0,0,0,0,,0
Mike,Tagliaferri,,,10,6,4,4,0,4,2,14,0.2857142857142860,6,0.42857142857142900,0,0,0,11,9,3,4,0,4,0,0,0,0,0,0,0,0,0,1,0,0,0,0,,0
Mike,Simon,,,13,3,1,1,0,1,2,4,0.25,2,0.5,0,0,0,25,5,5,0,0,0,0,0,0,0,0,0,0,0,0,1,0,0,0,0,,0
Mike,ONeil,,,12,1,0,0,0,0,1,8,0,4,0.5,0,0,0,9,1,2,0,0,0,0,0,0,0,0,0,0,0,0,3,0,0,0,0,,0
Mike,Nugent,,,2,0,0,0,0,0,0,1,0,1,1,0,0,0,1,0,1,0,0,0,0,0,0,5,51.42857142857140,1,10.28571429,280,0,0,0,0,0,0,,0
Mike,Manley,,,0,0,0,0,0,0,0,0,0,0,0,0,0,0,0,0,0,0,0,0,0,0,0,0,0,0,0,0,0,0,0,0,0,0,,0
Mike,Hernandez,,,1,0,0,0,0,0,0,0,0,0,0,0,0,0,0,0,0,0,0,0,0,0,0,0,0,0,0,0,0,1,0,0,0,0,,0
Mike,Chanenchuk,,,11,36,17,14,3,20,16,84,0.20238095238095200,42,0.5,0,0,0,9,16,1,0,0,0,0,0,0,0,0,0,0,0,0,0,2,0,0,0,,0
Mike,Birney,,,2,0,0,0,0,0,0,0,0,0,0,0,0,0,0,0,1,0,0,0,0,0,0,0,0,0,0,0,0,0,0,0,0,0,,0
Michael,Rexrode,,,3,0,0,0,0,0,0,0,0,0,0,0,0,0,2,2,3,0,0,0,0,0,0,0,0,0,0,0,0,0,0,0,0,0,,0
Michael,Noone,,,5,0,0,0,0,0,0,0,0,0,0,0,0,0,12,3,4,0,0,0,0,0,0,0,0,0,0,0,0,1,0,0,0,0,,0
Michael,Lazore,,,10,1,0,0,0,0,1,4,0,2,0.5,0,0,0,18,7,3,0,0,0,0,0,0,0,0,0,0,0,0,2,0,0,0,0,,0
Michael,Howard,,,3,0,0,0,0,0,0,0,0,0,0,0,0,0,2,1,2,0,0,0,0,0,0,0,0,0,0,0,0,0,0,0,0,0,,0
Michael,Ehrhardt,,,11,16,8,5,3,11,5,26,0.3076923076923080,20,0.7692307692307690,0,0,0,42,4,12,10,2,8,0.2,0,0,0,0,0,0,0,0,3,0,0,0,0,,0
Michael,Begley,,,6,5,2,2,0,2,3,11,0.18181818181818200,7,0.6363636363636360,0,0,0,6,5,0,0,0,0,0,0,0,0,0,0,0,0,0,2,0,0,0,0,,0
Max,Seibald,,,12,23,9,4,5,14,9,69,0.13043478260869600,40,0.5797101449275360,0,0,0,19,20,0,0,0,0,0,0,0,0,0,0,0,0,0,2,1,0,0,0,,0
Max,Adler,,,7,1,0,0,0,0,1,3,0,3,1,0,0,0,49,6,1,227,131,96,0.5770925110132160,0,0,0,0,0,0,0,0,0,0,0,0,0,,0
Matt,Vernam,,,1,0,0,0,0,0,0,0,0,0,0,0,0,0,1,1,0,0,0,0,0,0,0,0,0,0,0,0,0,0,0,0,0,0,,0
Matt,Rees,,,11,8,5,2,3,8,0,12,0.4166666666666670,9,0.75,0,0,0,16,2,6,0,0,0,0,0,0,0,0,0,0,0,0,6,0,0,0,0,,0
Matt,Rambo,,,13,47,27,27,0,27,20,93,0.2903225806451610,57,0.6129032258064520,0,0,0,19,40,2,0,0,0,0,0,0,0,0,0,0,0,0,1,2,0,0,0,,0
Matt,Pratt,,,1,1,1,1,0,1,0,1,1,1,1,0,0,0,0,0,0,0,0,0,0,0,0,0,0,0,0,0,0,0,0,0,0,0,,0
Matt,McMahon,,,11,1,1,1,0,1,0,7,0.14285714285714300,3,0.42857142857142900,0,0,0,25,6,9,0,0,0,0,0,0,0,0,0,0,0,0,3,0,0,0,0,,0
Matt,Mackrides,,,10,12,4,4,0,4,8,27,0.14814814814814800,19,0.7037037037037040,0,0,0,9,9,0,0,0,0,0,0,0,0,0,0,0,0,0,0,0,0,0,0,,0
Matt,Kavanagh,,,13,53,34,34,0,34,19,95,0.35789473684210500,54,0.5684210526315790,0,0,0,17,27,4,0,0,0,0,0,0,0,0,0,0,0,0,0,2,0,0,0,,0
Matt,Hanley,,,1,0,0,0,0,0,0,0,0,0,0,0,0,0,0,0,0,0,0,0,0,2,0.5,2,8.807339449541290,0,0,654,0,0,0,0,0,0,,0
Matt,Gilray,,,4,1,1,1,0,1,0,1,1,1,1,0,0,0,18,2,2,0,0,0,0,0,0,0,0,0,0,0,0,0,0,0,0,0,,0
Matt,Gibson,,,10,23,20,20,0,20,3,46,0.43478260869565200,34,0.7391304347826090,0,0,0,6,7,0,0,0,0,0,0,0,0,0,0,0,0,0,0,2,0,0,0,,0
Matt,Danowski,,,6,17,7,7,0,7,10,27,0.25925925925925900,20,0.7407407407407410,0,0,0,3,10,0,0,0,0,0,0,0,0,0,0,0,0,0,0,0,0,0,0,,0
Matt,Bocklet,,,14,1,0,0,0,0,1,1,0,1,1,0,0,0,39,14,12,0,0,0,0,0,0,0,0,0,0,0,0,0,0,0,0,0,,0
Matt,Bertrams,,,6,2,0,0,0,0,2,2,0,2,1,0,0,0,5,4,1,0,0,0,0,0,0,0,0,0,0,0,0,2,0,0,0,0,,0
Matt,Abbott,,,12,20,13,13,0,13,7,41,0.3170731707317070,23,0.5609756097560980,0,0,0,20,12,3,0,0,0,0,0,0,0,0,0,0,0,0,1,0,0,0,0,,0
Martin,Bowes,,,3,1,1,1,0,1,0,3,0.3333333333333330,2,0.6666666666666670,0,0,0,2,0,0,0,0,0,0,0,0,0,0,0,0,0,0,0,0,0,0,0,,0
Mark,McNeill,,,10,2,1,1,0,1,1,2,0.5,1,0.5,0,0,0,13,1,3,0,0,0,0,0,0,0,0,0,0,0,0,3,0,0,0,0,,0
Mark,Matthews,,,2,4,3,3,0,3,1,12,0.25,7,0.5833333333333330,0,0,0,0,2,0,0,0,0,0,0,0,0,0,0,0,0,0,2,0,0,0,0,,0
Mark,Glicini,,,10,1,1,1,0,1,0,2,0.5,2,1,0,0,0,10,4,1,0,0,0,0,0,0,0,0,0,0,0,0,3,0,0,0,0,,0
Mark,Cockerton,,,9,34,31,31,0,31,3,71,0.43661971830985900,53,0.7464788732394370,0,0,0,15,10,1,0,0,0,0,0,0,0,0,0,0,0,0,1,2,0,0,0,,0
Marcus,Willis,,,1,0,0,0,0,0,0,0,0,0,0,0,0,0,0,0,0,0,0,0,0,0,0,0,0,0,0,0,0,0,0,0,0,0,,0
Marcus,Holman,,,12,48,31,29,2,33,15,95,0.3263157894736840,64,0.6736842105263160,0,0,0,25,22,4,0,0,0,0,0,0,0,0,0,0,0,0,3,2,0,0,0,,0
Lyle,Thompson,,,3,10,7,7,0,7,3,23,0.30434782608695700,16,0.6956521739130440,0,0,0,5,9,0,0,0,0,0,0,0,0,0,0,0,0,0,1,1,0,0,0,,0
Liam,Byrnes,,,14,4,1,1,0,1,3,2,0.5,2,1,0,0,0,43,9,17,0,0,0,0,0,0,0,0,0,0,0,0,6,0,0,0,0,,0
Larken,Kemp,,,3,0,0,0,0,0,0,1,0,0,0,0,0,0,4,2,3,0,0,0,0,0,0,0,0,0,0,0,0,0,0,0,0,0,,0
Kylor,Bellistri,,,13,32,24,24,0,24,8,66,0.36363636363636400,43,0.6515151515151520,0,0,0,15,28,4,0,0,0,0,0,0,0,0,0,0,0,0,2,1,0,0,0,,0
Kyle,McClancy,,,9,3,2,2,0,2,1,14,0.14285714285714300,11,0.7857142857142860,0,0,0,10,3,2,0,0,0,0,0,0,0,0,0,0,0,0,2,0,0,0,0,,0
Kyle,Jackson,,,5,10,7,7,0,7,3,17,0.4117647058823530,10,0.5882352941176470,0,0,0,3,8,0,0,0,0,0,0,0,0,0,0,0,0,0,0,0,0,0,0,,0
Kyle,Hartzell,,,12,6,4,4,0,4,2,20,0.2,12,0.6,0,0,0,23,5,2,0,0,0,0,0,0,0,0,0,0,0,0,9,0,0,0,0,,0
Kyle,Harrison,,,10,15,8,7,1,9,6,42,0.19047619047619000,26,0.6190476190476190,0,0,0,7,4,0,0,0,0,0,0,0,0,0,0,0,0,0,1,0,0,1,0,,0
Kyle,Denhoff,,,14,14,11,11,0,11,3,53,0.20754716981132100,31,0.5849056603773590,0,0,0,10,12,0,0,0,0,0,0,0,0,0,0,0,0,0,0,0,0,0,0,,0
Kyle,Cain,,,1,0,0,0,0,0,0,0,0,0,0,0,0,0,0,0,0,0,0,0,0,0,0,0,0,0,0,0,0,0,0,0,0,0,,0
Kyle,Bernlohr,,,14,0,0,0,0,0,0,2,0,1,0.5,0,0,0,44,10,3,0,0,0,0,183,0.5198863636,177,11.489361702127700,8,0.5192931843,44368,0,0,0,0,0,0,,0
Kieran,McArdle,,,12,56,36,36,0,36,20,97,0.3711340206185570,68,0.7010309278350520,0,0,0,20,41,1,0,0,0,0,0,0,0,0,0,0,0,0,4,4,0,0,0,,0
Kieran,Eissler,,,3,1,1,1,0,1,0,7,0.14285714285714300,5,0.7142857142857140,0,0,0,1,1,0,0,0,0,0,0,0,0,0,0,0,0,0,0,0,0,0,0,,0
Kevin,Unterstein,,,10,4,3,3,0,3,1,8,0.375,3,0.375,0,0,0,10,4,6,0,0,0,0,0,0,0,0,0,0,0,0,7,0,0,0,0,,0
Kevin,Rice,,,14,61,34,33,1,35,26,97,0.35051546391752600,67,0.6907216494845360,0,0,0,13,33,0,0,0,0,0,0,0,0,0,0,0,0,0,0,4,0,1,0,,0
Kevin,Reisman,,,1,0,0,0,0,0,0,0,0,0,0,0,0,0,5,2,0,26,10,16,0.38461538461538500,0,0,0,0,0,0,0,0,0,0,0,0,0,,0
Kevin,McNally,,,8,0,0,0,0,0,0,2,0,0,0,0,0,0,13,3,1,0,0,0,0,0,0,0,0,0,0,0,0,0,0,0,0,0,,0
Kevin,McGeary,,,1,0,0,0,0,0,0,4,0,1,0.25,0,0,0,0,1,0,0,0,0,0,0,0,0,0,0,0,0,0,0,0,0,0,0,,0
Kevin,Massa,,,10,1,1,1,0,1,0,2,0.5,2,1,0,0,0,41,4,2,215,97,118,0.4511627906976740,0,0,0,0,0,0,0,0,0,0,0,0,0,,0
Kevin,Crowley,,,7,9,6,6,0,6,3,27,0.2222222222222220,16,0.5925925925925930,0,0,0,2,8,0,0,0,0,0,0,0,0,0,0,0,0,0,1,2,0,0,0,,0
Kevin,Cooper,,,10,27,18,18,0,18,9,33,0.5454545454545450,32,0.9696969696969700,0,0,0,7,7,0,0,0,0,0,0,0,0,0,0,0,0,0,1,2,0,0,0,,0
Kenny,Massa,,,10,3,2,2,0,2,1,8,0.25,6,0.75,0,0,0,66,10,1,226,108,118,0.4778761061946900,0,0,0,0,0,0,0,0,0,0,0,0,0,,0
Kaisuke,Iwamoto,,,4,0,0,0,0,0,0,0,0,0,0,0,0,0,2,1,0,0,0,0,0,11,0.5238095238,11,10.753564154786200,1,0.9775967413,2946,0,0,0,0,0,0,,0
Justin,Turri,,,10,17,6,5,1,7,10,32,0.1875,19,0.59375,0,0,0,10,8,0,0,0,0,0,0,0,0,0,0,0,0,0,0,1,0,0,0,,0
Justin,Reh,,,3,0,0,0,0,0,0,1,0,1,1,0,0,0,0,1,1,0,0,0,0,0,0,0,0,0,0,0,0,0,0,0,0,0,,0
Justin,Pennington,,,14,2,1,1,0,1,1,6,0.16666666666666700,5,0.8333333333333330,0,0,0,12,1,5,0,0,0,0,0,0,0,0,0,0,0,0,3,0,0,0,0,,0
Justin,Guterding,,,9,28,18,18,0,18,10,52,0.34615384615384600,34,0.6538461538461540,0,0,0,8,20,0,0,0,0,0,0,0,0,0,0,0,0,0,0,2,0,0,0,,0
Jules,Heningburg,,,8,25,15,15,0,15,10,41,0.36585365853658500,31,0.7560975609756100,0,0,0,5,18,1,0,0,0,0,0,0,0,0,0,0,0,0,0,2,0,0,0,,0
Josh,Hawkins,,,14,10,6,6,0,6,4,19,0.3157894736842110,16,0.8421052631578950,0,0,0,30,12,5,0,0,0,0,0,0,0,0,0,0,0,0,6,0,0,0,0,,0
Josh,Byrne,,,9,30,22,22,0,22,8,65,0.3384615384615390,40,0.6153846153846150,0,0,0,11,16,1,0,0,0,0,0,0,0,0,0,0,0,0,2,2,0,0,0,,0
Joseph,Nardella,,,13,9,5,5,0,5,4,16,0.3125,9,0.5625,0,0,0,110,14,5,374,216,158,0.5775401069518720,0,0,0,0,0,0,0,0,1,0,0,0,0,,0
Joseph,McCallion,,,10,17,14,14,0,14,3,30,0.4666666666666670,20,0.6666666666666670,0,0,0,8,7,0,21,12,9,0.5714285714285710,0,0,0,0,0,0,0,0,0,1,0,0,0,,0
Jordan,Wolf,,,12,51,31,31,0,31,20,97,0.31958762886597900,63,0.6494845360824740,0,0,0,18,28,1,0,0,0,0,0,0,0,0,0,0,0,0,2,1,0,0,0,,0
Jordan,Stevens,,,7,0,0,0,0,0,0,1,0,1,1,0,0,0,20,1,6,0,0,0,0,0,0,0,0,0,0,0,0,2,0,0,0,0,,0
Jordan,MacIntosh,,,7,12,9,9,0,9,3,36,0.25,21,0.5833333333333330,0,0,0,5,7,1,0,0,0,0,0,0,0,0,0,0,0,0,0,0,0,0,0,,0
JoJo,Marasco,,,12,10,7,7,0,7,3,14,0.5,10,0.7142857142857140,0,0,0,5,3,1,0,0,0,0,0,0,0,0,0,0,0,0,0,0,0,0,0,,0
John,Yozzo-Scaperrotta,,,7,1,0,0,0,0,1,4,0,3,0.75,0,0,0,5,6,1,0,0,0,0,0,0,0,0,0,0,0,0,4,0,0,0,0,,0
John,Uppgren,,,3,4,4,4,0,4,0,9,0.4444444444444440,6,0.6666666666666670,0,0,0,0,1,0,0,0,0,0,0,0,0,0,0,0,0,0,0,1,0,0,0,,0
John,Sexton,,,5,4,2,0,2,4,0,8,0.25,4,0.5,0,0,0,9,2,3,0,0,0,0,0,0,0,0,0,0,0,0,0,0,0,0,0,,0
John,Scheich,,,1,0,0,0,0,0,0,0,0,0,0,0,0,0,0,0,0,0,0,0,0,0,0,0,0,0,0,0,0,0,0,0,0,0,,0
John,Ranagan,,,8,20,15,14,1,16,4,39,0.38461538461538500,27,0.6923076923076920,0,0,0,4,12,1,0,0,0,0,0,0,0,0,0,0,0,0,0,0,0,0,0,,0
John,Moderski,,,14,0,0,0,0,0,0,3,0,2,0.6666666666666670,0,0,0,51,8,16,0,0,0,0,0,0,0,0,0,0,0,0,4,0,0,0,0,,0
John,Maloney,,,9,13,4,4,0,4,9,16,0.25,7,0.4375,0,0,0,8,8,2,0,0,0,0,0,0,0,0,0,0,0,0,0,0,0,0,0,,0
John,LoCascio,,,4,2,1,1,0,1,1,2,0.5,2,1,0,0,0,11,2,3,0,0,0,0,0,0,0,0,0,0,0,0,0,0,0,0,0,,0
John,Kelly,,,1,0,0,0,0,0,0,0,0,0,0,0,0,0,0,0,0,0,0,0,0,0,0,0,0,0,0,0,0,0,0,0,0,0,,0
John,Haus,,,9,26,15,15,0,15,11,44,0.3409090909090910,35,0.7954545454545450,0,0,0,16,7,0,0,0,0,0,0,0,0,0,0,0,0,0,0,0,0,0,0,,0
John,Galloway,,,10,0,0,0,0,0,0,2,0,0,0,0,0,0,44,6,7,0,0,0,0,121,0.5105485232,117,10.407066526653900,1,0.0889492865,32378,0,0,0,0,0,0,,0
John,Crawley,,,9,20,12,11,1,13,7,40,0.3,24,0.6,0,0,0,5,13,0,0,0,0,0,0,0,0,0,0,0,0,0,0,1,0,0,0,,0
Joel,White,,,8,5,1,1,0,1,4,4,0.25,1,0.25,0,0,0,37,11,9,0,0,0,0,0,0,0,0,0,0,0,0,2,0,0,0,0,,0
Joel,Tinney,,,9,17,12,12,0,12,5,29,0.41379310344827600,21,0.7241379310344830,0,0,0,22,11,2,0,0,0,0,0,0,0,0,0,0,0,0,3,0,0,1,0,,0
Joe,Walters,,,14,52,27,27,0,27,25,80,0.3375,54,0.675,0,0,0,13,27,1,0,0,0,0,0,0,0,0,0,0,0,0,2,2,0,0,0,,0
Joe,Seider,,,1,1,1,1,0,1,0,2,0.5,1,0.5,0,0,0,0,0,0,0,0,0,0,0,0,0,0,0,0,0,0,0,0,0,0,0,,0
Joe,LoCascio,,,14,23,16,13,3,19,4,75,0.21333333333333300,42,0.56,0,0,0,8,8,5,0,0,0,0,0,0,0,0,0,0,0,0,1,0,0,0,0,,0
Joe,Gillis,,,1,0,0,0,0,0,0,0,0,0,0,0,0,0,2,0,0,0,0,0,0,0,0,0,0,0,0,0,0,0,0,0,0,0,,0
Jesse,Bernhardt,,,7,0,0,0,0,0,0,1,0,0,0,0,0,0,17,3,1,0,0,0,0,0,0,0,0,0,0,0,0,0,0,0,0,0,,0
Jeremy,Sieverts,,,10,17,11,11,0,11,6,47,0.23404255319148900,30,0.6382978723404260,0,0,0,7,9,0,0,0,0,0,0,0,0,0,0,0,0,0,1,2,0,0,0,,0
Jeff,Reh,,,1,2,1,1,0,1,1,1,1,1,1,0,0,0,1,2,0,0,0,0,0,0,0,0,0,0,0,0,0,0,0,0,0,0,,0
Jay,Carlson,,,1,2,1,1,0,1,1,4,0.25,1,0.25,0,0,0,3,2,0,0,0,0,0,0,0,0,0,0,0,0,0,0,0,0,0,0,,0
Jason,Weber,,,1,0,0,0,0,0,0,0,0,0,0,0,0,0,0,0,0,0,0,0,0,0,0,0,0,0,0,0,0,0,0,0,0,0,,0
Jarrod,Neumann,,,14,5,3,2,1,4,1,14,0.21428571428571400,5,0.35714285714285700,0,0,0,24,9,7,0,0,0,0,0,0,0,0,0,0,0,0,5,0,0,0,0,,0
James,Pannell,,,13,48,34,34,0,34,14,109,0.3119266055045870,62,0.5688073394495410,0,0,0,14,26,0,0,0,0,0,0,0,0,0,0,0,0,0,0,1,0,0,0,,0
James,Leary,,,1,0,0,0,0,0,0,0,0,0,0,0,0,0,0,0,0,0,0,0,0,0,0,0,0,0,0,0,0,0,0,0,0,0,,0
James,Fahey,,,11,3,2,2,0,2,1,6,0.3333333333333330,3,0.5,0,0,0,7,2,1,7,2,5,0.2857142857142860,0,0,0,0,0,0,0,0,3,0,0,0,0,,0
James,Barclay,,,10,0,0,0,0,0,0,1,0,0,0,0,0,0,22,1,6,0,0,0,0,0,0,0,0,0,0,0,0,1,0,0,0,0,,0
Jake,Withers,,,1,0,0,0,0,0,0,0,0,0,0,0,0,0,2,0,1,17,6,11,0.35294117647058800,0,0,0,0,0,0,0,0,0,0,0,0,0,,0
Jake,Pulver,,,1,0,0,0,0,0,0,0,0,0,0,0,0,0,2,0,1,0,0,0,0,0,0,0,0,0,0,0,0,0,0,0,0,0,,0
Jake,Miller,,,1,0,0,0,0,0,0,1,0,0,0,0,0,0,2,0,0,0,0,0,0,0,0,0,0,0,0,0,0,1,0,0,0,0,,0
Jake,Froccaro,,,6,4,2,2,0,2,2,26,0.07692307692307690,13,0.5,0,0,0,2,8,2,0,0,0,0,0,0,0,0,0,0,0,0,0,0,0,0,0,,0
Jake,Bernhardt,,,11,18,10,10,0,10,8,61,0.16393442622950800,29,0.47540983606557400,0,0,0,11,18,3,3,0,3,0,0,0,0,0,0,0,0,0,1,0,0,0,0,,0
Jacob,Richard,,,11,6,4,4,0,4,2,15,0.26666666666666700,7,0.4666666666666670,0,0,0,8,10,5,1,0,1,0,0,0,0,0,0,0,0,0,2,0,0,0,0,,0
Jackson,Place,,,9,0,0,0,0,0,0,0,0,0,0,0,0,0,15,4,5,5,1,4,0.2,0,0,0,0,0,0,0,0,0,0,0,0,0,,0
Jack,Near,,,12,8,5,4,1,6,2,17,0.29411764705882400,13,0.7647058823529410,0,0,0,12,12,5,0,0,0,0,0,0,0,0,0,0,0,0,0,0,0,0,0,,0
Jack,Murphy,,,2,0,0,0,0,0,0,0,0,0,0,0,0,0,1,0,0,0,0,0,0,7,0.4375,9,16.733376371852800,0,0,1549,0,0,0,0,0,0,,0
Jack,Korzelius,,,5,4,4,4,0,4,0,19,0.21052631578947400,10,0.5263157894736840,0,0,0,1,2,0,0,0,0,0,0,0,0,0,0,0,0,0,1,0,0,0,0,,0
Jack,Kelly,,,11,0,0,0,0,0,0,1,0,0,0,0,0,0,42,3,3,0,0,0,0,165,0.5392156863,151,11.327949986975800,10,0.7501953634,38390,0,0,0,0,0,0,,0
Jack,Curran,,,4,4,4,4,0,4,0,13,0.3076923076923080,9,0.6923076923076920,0,0,0,3,6,1,0,0,0,0,0,0,0,0,0,0,0,0,0,0,0,0,0,,0
Jack,Concannon,,,7,0,0,0,0,0,0,0,0,0,0,0,0,0,0,0,0,0,0,0,0,1,0.1,9,18.527519656897800,0,0,1399,0,0,0,0,0,0,,0
Jack,Carrigan,,,5,0,0,0,0,0,0,0,0,0,0,0,0,0,15,0,4,0,0,0,0,0,0,0,0,0,0,0,0,0,0,0,0,0,,0
Jack,Bruckner,,,1,0,0,0,0,0,0,3,0,2,0.6666666666666670,0,0,0,2,1,0,0,0,0,0,0,0,0,0,0,0,0,0,0,0,0,0,0,,0
Jack,Breit,,,2,0,0,0,0,0,0,0,0,0,0,0,0,0,0,2,0,0,0,0,0,0,0,0,0,0,0,0,0,0,0,0,0,0,,0
Jack,Adams,,,1,0,0,0,0,0,0,0,0,0,0,0,0,0,0,0,0,0,0,0,0,0,0,0,0,0,0,0,0,0,0,0,0,0,,0
Isaiah,Davis-Allen,,,14,4,0,0,0,0,4,4,0,1,0.25,0,0,0,50,7,2,0,0,0,0,0,0,0,0,0,0,0,0,0,0,0,0,0,,0
Ian,MacKay,,,5,12,10,9,1,11,1,32,0.3125,13,0.40625,0,0,0,3,8,0,0,0,0,0,0,0,0,0,0,0,0,0,0,4,0,0,0,,0
Henry,Schoonmaker,,,2,0,0,0,0,0,0,1,0,0,0,0,0,0,4,1,2,0,0,0,0,0,0,0,0,0,0,0,0,0,0,0,0,0,,0
Gregory,Wozniak,,,1,0,0,0,0,0,0,0,0,0,0,0,0,0,0,0,0,0,0,0,0,0,0,0,0,0,0,0,0,0,0,0,0,0,,0
Gregory,Melaugh,,,1,0,0,0,0,0,0,2,0,1,0.5,0,0,0,0,1,0,0,0,0,0,0,0,0,0,0,0,0,0,0,0,0,0,0,,0
Greg,Weyl,,,7,0,0,0,0,0,0,2,0,0,0,0,0,0,14,3,6,0,0,0,0,0,0,0,0,0,0,0,0,3,0,0,0,0,,0
Greg,Puskuldjian,,,5,1,0,0,0,0,1,2,0,0,0,0,0,0,30,3,0,125,59,66,0.472,0,0,0,0,0,0,0,0,0,0,0,0,0,,0
Graham,Savio,,,1,0,0,0,0,0,0,0,0,0,0,0,0,0,0,0,0,5,3,2,0.6,0,0,0,0,0,0,0,0,0,0,0,0,0,,0
Graham,Bocklet,,,1,0,0,0,0,0,0,0,0,0,0,0,0,0,1,0,1,0,0,0,0,0,0,0,0,0,0,0,0,0,0,0,0,0,,0
Graeme,Hossack,,,6,1,1,1,0,1,0,1,1,1,1,0,0,0,7,1,7,0,0,0,0,0,0,0,0,0,0,0,0,0,0,0,0,0,,0
Goran,Murray,,,10,0,0,0,0,0,0,0,0,0,0,0,0,0,10,1,0,0,0,0,0,0,0,0,0,0,0,0,0,4,0,0,0,0,,0
Garrett,Johnson,,,2,0,0,0,0,0,0,0,0,0,0,0,0,0,1,1,0,0,0,0,0,0,0,0,0,0,0,0,0,1,0,0,0,0,,0
Garrett,Epple,,,12,0,0,0,0,0,0,0,0,0,0,0,0,0,33,4,10,0,0,0,0,0,0,0,0,0,0,0,0,7,0,0,0,0,,0
Frank,Brown,,,3,8,4,4,0,4,4,22,0.18181818181818200,12,0.5454545454545450,0,0,0,2,1,1,0,0,0,0,0,0,0,0,0,0,0,0,0,0,0,0,0,,0
Finn,Sullivan,,,14,0,0,0,0,0,0,0,0,0,0,0,0,0,34,2,5,0,0,0,0,0,0,0,0,0,0,0,0,6,0,0,0,0,,0
Evan,Connell,,,11,0,0,0,0,0,0,0,0,0,0,0,0,0,9,2,2,1,0,1,0,0,0,0,0,0,0,0,0,3,0,0,0,0,,0
Erik,Evans,,,3,0,0,0,0,0,0,0,0,0,0,0,0,0,7,0,0,0,0,0,0,0,0,0,0,0,0,0,0,1,0,0,0,0,,0
Eric,Schneider,,,2,0,0,0,0,0,0,0,0,0,0,0,0,0,1,0,0,0,0,0,0,1,0.5,1,9,0,0,320,0,0,0,0,0,0,,0
Eric,Law,,,14,58,40,40,0,40,18,71,0.5633802816901410,58,0.8169014084507040,0,0,0,23,26,1,0,0,0,0,0,0,0,0,0,0,0,0,0,4,0,1,0,,0
Eli,Gobrecht,,,14,2,1,1,0,1,1,5,0.2,4,0.8,0,0,0,29,5,14,0,0,0,0,0,0,0,0,0,0,0,0,5,0,0,0,0,,0
Edwin,Glazener,,,1,0,0,0,0,0,0,0,0,0,0,0,0,0,0,0,1,0,0,0,0,0,0,0,0,0,0,0,0,0,0,0,0,0,,0
Eddy,Glazener,,,13,0,0,0,0,0,0,1,0,0,0,0,0,0,21,3,3,0,0,0,0,0,0,0,0,0,0,0,0,2,0,0,0,0,,0
Dylan,Molloy,,,14,59,41,41,0,41,18,114,0.35964912280701800,75,0.6578947368421050,0,0,0,25,31,2,0,0,0,0,0,0,0,0,0,0,0,0,0,2,0,0,0,,0
Dylan,Maltz,,,8,20,18,18,0,18,2,30,0.6,22,0.7333333333333330,0,0,0,15,14,4,0,0,0,0,0,0,0,0,0,0,0,0,0,1,0,0,0,,0
Dylan,Donahue,,,3,3,2,2,0,2,1,8,0.25,5,0.625,0,0,0,1,1,0,0,0,0,0,0,0,0,0,0,0,0,0,0,1,0,0,0,,0
Drew,Snider,,,11,26,20,20,0,20,6,45,0.4444444444444440,33,0.7333333333333330,0,0,0,16,8,3,0,0,0,0,0,0,0,0,0,0,0,0,1,5,0,0,0,,0
Drew,Simoneau,,,14,8,8,8,0,8,0,22,0.36363636363636400,16,0.7272727272727270,0,0,0,107,9,2,427,236,191,0.5526932084309130,0,0,0,0,0,0,0,0,1,0,0,0,0,,0
Drew,Adams,,,14,0,0,0,0,0,0,2,0,0,0,0,0,0,45,2,0,0,0,0,0,208,0.5085574572,206,12.295958549222800,5,0.2984455959,48250,0,1,0,0,0,0,,0
Donny,Moss,,,10,1,0,0,0,0,1,2,0,1,0.5,0,0,0,17,2,1,0,0,0,0,0,0,0,0,0,0,0,0,1,0,0,0,0,,0
Dominique,Alexander,,,13,1,1,1,0,1,0,3,0.3333333333333330,1,0.3333333333333330,0,0,0,22,5,5,0,0,0,0,0,0,0,0,0,0,0,0,2,0,0,0,0,,0
Dominick,Calisto,,,7,0,0,0,0,0,0,0,0,0,0,0,0,0,2,0,1,0,0,0,0,0,0,0,0,0,0,0,0,1,0,0,0,0,,0
Dom,Lamolinara,,,1,0,0,0,0,0,0,0,0,0,0,0,0,0,1,0,1,0,0,0,0,1,1,0,0,0,0,148,0,0,0,0,0,0,,0
DJ,Plumer,,,3,0,0,0,0,0,0,0,0,0,0,0,0,0,2,0,2,0,0,0,0,0,0,0,0,0,0,0,0,0,0,0,0,0,,0
Dillon,Ward,,,8,0,0,0,0,0,0,0,0,0,0,0,0,0,8,0,0,0,0,0,0,32,0.5161290323,33,10.718394045336600,3,0.9743994587,8867,0,0,0,0,0,0,,0
Dhane,Smith,,,2,2,1,1,0,1,1,4,0.25,2,0.5,0,0,0,1,3,0,0,0,0,0,0,0,0,0,0,0,0,0,0,0,0,0,0,,0
Deemer,Class,,,12,30,24,19,5,29,1,87,0.27586206896551700,52,0.5977011494252870,0,0,0,4,9,2,0,0,0,0,0,0,0,0,0,0,0,0,0,4,0,0,0,,0
David,Manning,,,6,0,0,0,0,0,0,0,0,0,0,0,0,0,2,0,0,0,0,0,0,0,0,0,0,0,0,0,0,2,0,0,0,0,,0
Davey,Emala,,,15,24,17,17,0,17,7,83,0.20481927710843400,51,0.6144578313253010,0,0,0,23,13,2,0,0,0,0,0,0,0,0,0,0,0,0,3,1,0,0,0,,0
Danny,Sweeney,,,9,2,0,0,0,0,2,0,0,0,0,0,0,0,20,3,3,0,0,0,0,0,0,0,0,0,0,0,0,1,0,0,0,0,,0
Dan,Morris,,,5,0,0,0,0,0,0,0,0,0,0,0,0,0,0,0,0,0,0,0,0,4,0.8,1,12.25531914893620,0,0,235,0,0,0,0,0,0,,0
Dan,Groot,,,2,0,0,0,0,0,0,0,0,0,0,0,0,0,3,0,1,0,0,0,0,0,0,0,0,0,0,0,0,0,0,0,0,0,,0
Dan,Eipp,,,12,17,14,14,0,14,3,37,0.3783783783783780,24,0.6486486486486490,0,0,0,4,7,1,0,0,0,0,0,0,0,0,0,0,0,0,0,0,0,0,0,,0
Connor,OHara,,,1,0,0,0,0,0,0,1,0,0,0,0,0,0,1,1,0,0,0,0,0,0,0,0,0,0,0,0,0,0,0,0,0,0,,0
Connor,Kelly,,,9,22,16,14,2,18,4,64,0.25,36,0.5625,0,0,0,9,16,0,0,0,0,0,0,0,0,0,0,0,0,0,0,0,0,0,0,,0
Connor,Keating,,,4,2,1,0,1,2,0,3,0.3333333333333330,1,0.3333333333333330,0,0,0,11,0,1,0,0,0,0,0,0,0,0,0,0,0,0,0,0,0,0,0,,0
Connor,Fields,,,3,6,4,4,0,4,2,11,0.36363636363636400,8,0.7272727272727270,0,0,0,1,7,0,0,0,0,0,0,0,0,0,0,0,0,0,0,0,0,0,0,,0
Connor,Cannizzaro,,,9,16,11,11,0,11,5,54,0.2037037037037040,32,0.5925925925925930,0,0,0,17,16,0,0,0,0,0,0,0,0,0,0,0,0,0,1,3,0,0,0,,0
Connor,Buczek,,,10,30,23,21,2,25,5,79,0.2911392405063290,51,0.6455696202531650,0,0,0,11,15,2,0,0,0,0,0,0,0,0,0,0,0,0,4,2,0,0,0,,0
Colin,Heacock,,,14,38,23,22,1,24,14,72,0.3194444444444440,36,0.5,0,0,0,12,18,2,0,0,0,0,0,0,0,0,0,0,0,0,1,2,0,0,0,,0
Cody,Radziewicz,,,12,22,11,11,0,11,11,54,0.2037037037037040,32,0.5925925925925930,0,0,0,11,10,2,0,0,0,0,0,0,0,0,0,0,0,0,0,0,0,0,0,,0
Cody,ODonnell,,,10,1,1,1,0,1,0,3,0.3333333333333330,2,0.6666666666666670,0,0,0,15,2,1,1,0,1,0,0,0,0,0,0,0,0,0,3,0,0,0,0,,0
Cody,Jamieson,,,1,1,1,1,0,1,0,4,0.25,3,0.75,0,0,0,0,2,0,0,0,0,0,0,0,0,0,0,0,0,0,0,1,0,0,0,,0
CJ,Costabile,,,13,8,4,3,1,5,3,23,0.17391304347826100,13,0.5652173913043480,0,0,0,28,12,5,25,9,16,0.36,0,0,0,0,0,0,0,0,3,0,0,0,0,,0
Christian,Knight,,,2,0,0,0,0,0,0,0,0,0,0,0,0,0,0,0,0,0,0,0,0,0,0,0,0,0,0,62,0,0,0,0,0,0,,0
Christian,Cuccinello,,,9,28,17,17,0,17,11,48,0.3541666666666670,30,0.625,0,0,0,15,9,2,0,0,0,0,0,0,0,0,0,0,0,0,0,0,0,0,0,,0
Christian,Carson-Banister,,,1,0,0,0,0,0,0,0,0,0,0,0,0,0,0,0,0,0,0,0,0,0,0,0,0,0,0,0,0,0,0,0,0,0,,0
Christian,Burgdorf,,,5,0,0,0,0,0,0,0,0,0,0,0,0,0,7,2,4,0,0,0,0,0,0,0,0,0,0,0,0,1,0,0,0,0,,0
Chris,Selva,,,1,0,0,0,0,0,0,0,0,0,0,0,0,0,0,0,0,0,0,0,0,0,0,0,0,0,0,0,0,0,0,0,0,0,,0
Chris,Mattes,,,2,0,0,0,0,0,0,0,0,0,0,0,0,0,3,0,0,32,6,26,0.1875,0,0,0,0,0,0,0,0,0,0,0,0,0,,0
Chris,Madalon,,,13,0,0,0,0,0,0,0,0,0,0,0,0,0,18,2,0,0,0,0,0,99,0.5593220339,81,12.318090611469000,3,0.4562255782,18938,0,0,0,0,0,0,,0
Chris,Fennell,,,4,0,0,0,0,0,0,0,0,0,0,0,0,0,8,3,1,0,0,0,0,0,0,0,0,0,0,0,0,0,0,0,0,0,,0
Chris,Cloutier,,,6,40,26,26,0,26,14,51,0.5098039215686270,37,0.7254901960784310,0,0,0,10,19,1,0,0,0,0,0,0,0,0,0,0,0,0,0,7,0,0,0,,0
Chris,Bocklet,,,6,12,6,6,0,6,6,26,0.23076923076923100,16,0.6153846153846150,0,0,0,8,6,0,0,0,0,0,0,0,0,0,0,0,0,0,0,0,0,0,0,,0
Chase,Young,,,1,1,0,0,0,0,1,2,0,0,0,0,0,0,0,0,0,0,0,0,0,0,0,0,0,0,0,0,0,0,0,0,0,0,,0
Charlie,Ford,,,4,0,0,0,0,0,0,0,0,0,0,0,0,0,6,3,2,0,0,0,0,0,0,0,0,0,0,0,0,1,0,0,0,0,,0
Charlie,Cipriano,,,11,0,0,0,0,0,0,0,0,0,0,0,0,0,63,6,10,0,0,0,0,146,0.5159010601,140,11.468555337486100,3,0.2457547572,35157,0,0,0,0,0,0,,0
Challen,Rogers,,,10,4,3,3,0,3,1,13,0.23076923076923100,8,0.6153846153846150,0,0,0,12,3,4,0,0,0,0,0,0,0,0,0,0,0,0,1,0,0,0,0,,0
Casey,Dowd,,,3,0,0,0,0,0,0,0,0,0,0,0,0,0,8,1,0,81,24,57,0.2962962962962960,0,0,0,0,0,0,0,0,1,0,0,0,0,,0
Carlson,Milikin,,,3,0,0,0,0,0,0,1,0,1,1,0,0,0,3,0,1,0,0,0,0,0,0,0,0,0,0,0,0,1,0,0,0,0,,0
Cam,Milligan,,,3,7,4,4,0,4,3,17,0.23529411764705900,9,0.5294117647058820,0,0,0,4,3,0,0,0,0,0,0,0,0,0,0,0,0,0,0,0,0,0,0,,0
Cam,Bell,,,2,0,0,0,0,0,0,0,0,0,0,0,0,0,0,0,0,0,0,0,0,1,0.1111111111,8,29.576379974326100,0,0,779,0,0,0,0,0,0,,0
Callum,Robinson,,,13,0,0,0,0,0,0,3,0,0,0,0,0,0,22,3,7,0,0,0,0,0,0,0,0,0,0,0,0,5,0,0,0,0,,0
Cal,Dearth,,,1,0,0,0,0,0,0,0,0,0,0,0,0,0,0,2,0,0,0,0,0,0,0,0,0,0,0,0,0,0,0,0,0,0,,0
Bryce,Young,,,9,0,0,0,0,0,0,0,0,0,0,0,0,0,21,4,7,0,0,0,0,0,0,0,0,0,0,0,0,4,0,0,0,0,,0
Bryce,Wasserman,,,3,10,8,8,0,8,2,19,0.42105263157894700,12,0.631578947368421,0,0,0,3,2,0,0,0,0,0,0,0,0,0,0,0,0,0,0,0,0,0,0,,0
Bryan,Cole,,,6,9,9,9,0,9,0,26,0.34615384615384600,14,0.5384615384615380,0,0,0,4,3,1,0,0,0,0,0,0,0,0,0,0,0,0,0,0,0,0,0,,0
Brodie,Merrill,,,11,1,1,1,0,1,0,6,0.16666666666666700,4,0.6666666666666670,0,0,0,49,3,11,0,0,0,0,0,0,0,0,0,0,0,0,2,0,0,0,0,,0
Brian,VonBargen,,,2,0,0,0,0,0,0,2,0,1,0.5,0,0,0,0,0,0,0,0,0,0,0,0,0,0,0,0,0,0,0,0,0,0,0,,0
Brian,Phipps,,,12,0,0,0,0,0,0,0,0,0,0,0,0,0,8,5,0,0,0,0,0,47,0.5340909091,42,10.338461538461500,1,0.2461538462,11700,0,0,0,0,0,0,,0
Brian,Neff,,,1,0,0,0,0,0,0,0,0,0,0,0,0,0,0,0,0,0,0,0,0,0,0,0,0,0,0,0,0,0,0,0,0,0,,0
Brian,Kormondy,,,14,20,12,12,0,12,8,38,0.3157894736842110,23,0.6052631578947370,0,0,0,7,13,1,0,0,0,0,0,0,0,0,0,0,0,0,0,2,0,0,0,,0
Brian,Karalunas,,,12,1,0,0,0,0,1,6,0,3,0.5,0,0,0,27,10,9,11,2,9,0.18181818181818200,0,0,0,0,0,0,0,0,9,0,0,0,0,,0
Brian,Carcaterra,,,5,0,0,0,0,0,0,0,0,0,0,0,0,0,3,2,1,0,0,0,0,6,0.3333333333,12,18.046997389033900,0,0,1915,0,0,0,0,0,0,,0
Brett,Schmidt,,,11,0,0,0,0,0,0,3,0,2,0.6666666666666670,0,0,0,30,6,11,0,0,0,0,0,0,0,0,0,0,0,0,5,0,0,0,0,,0
Brent,Hiken,,,5,0,0,0,0,0,0,2,0,0,0,0,0,0,23,3,1,150,64,86,0.4266666666666670,0,0,0,0,0,0,0,0,0,0,0,0,0,,0
Brendan,Hynes,,,8,0,0,0,0,0,0,0,0,0,0,0,0,0,22,4,10,0,0,0,0,0,0,0,0,0,0,0,0,2,0,0,0,0,,0
Brendan,Fowler,,,7,2,1,1,0,1,1,6,0.16666666666666700,4,0.6666666666666670,0,0,0,41,2,1,219,105,114,0.4794520547945210,0,0,0,0,0,0,0,0,0,0,0,0,0,,0
Brandon,Mullins,,,13,0,0,0,0,0,0,0,0,0,0,0,0,0,20,5,4,0,0,0,0,0,0,0,0,0,0,0,0,4,0,0,0,0,,0
Brandon,Mangan,,,2,4,3,3,0,3,1,7,0.42857142857142900,5,0.7142857142857140,0,0,0,0,2,0,0,0,0,0,0,0,0,0,0,0,0,0,0,0,0,0,0,,0
Blaze,Riorden,,,13,0,0,0,0,0,0,0,0,0,0,0,0,0,14,5,6,0,0,0,0,89,0.6013513514,60,9.304830111464110,1,0.1550805019,18571,0,0,0,0,0,0,,0
Benny,Pugh,,,7,0,0,0,0,0,0,0,0,0,0,0,0,0,14,5,2,0,0,0,0,42,0.4329896907,58,13.836978131212700,3,0.7157057654,12072,0,0,0,0,0,0,,0
Ben,Williams,,,12,4,0,0,0,0,4,7,0,5,0.7142857142857140,0,0,0,67,6,0,330,159,171,0.4818181818181820,0,0,0,0,0,0,0,0,0,0,0,0,0,,0
Ben,Reeves,,,4,13,6,6,0,6,7,24,0.25,13,0.5416666666666670,0,0,0,3,2,0,0,0,0,0,0,0,0,0,0,0,0,0,0,0,0,0,0,,0
Ben,Randall,,,11,0,0,0,0,0,0,2,0,2,1,0,0,0,31,5,19,0,0,0,0,0,0,0,0,0,0,0,0,1,0,0,0,0,,0
Austin,Sims,,,7,3,3,3,0,3,0,13,0.23076923076923100,5,0.38461538461538500,0,0,0,4,3,0,0,0,0,0,0,0,0,0,0,0,0,0,0,0,0,0,0,,0
Austin,Kaut,,,14,0,0,0,0,0,0,1,0,0,0,0,0,0,60,7,4,0,0,0,0,227,0.5417661098,202,11.872410767127200,10,0.5877431073,49001,0,0,0,0,0,0,,0
Austin,Geisler,,,2,0,0,0,0,0,0,0,0,0,0,0,0,0,0,0,0,0,0,0,0,0,0,0,0,0,0,0,0,0,0,0,0,0,,0
Andrew,Hodgson,,,2,1,1,1,0,1,0,2,0.5,1,0.5,0,0,0,0,1,0,0,0,0,0,0,0,0,0,0,0,0,0,0,0,0,0,0,,0
Andrew,Barcy,,,1,0,0,0,0,0,0,0,0,0,0,0,0,0,2,1,0,25,7,18,0.28,0,0,0,0,0,0,0,0,0,0,0,0,0,,0
Alex,Zomerfeld,,,3,0,0,0,0,0,0,0,0,0,0,0,0,0,1,0,0,0,0,0,0,0,0,0,0,0,0,0,0,0,0,0,0,0,,0
Alex,Spring,,,6,0,0,0,0,0,0,1,0,0,0,0,0,0,10,2,1,0,0,0,0,0,0,0,0,0,0,0,0,0,0,0,0,0,,0
Alec,Tulett,,,13,1,1,1,0,1,0,6,0.16666666666666700,4,0.6666666666666670,0,0,0,24,4,12,0,0,0,0,0,0,0,0,0,0,0,0,2,0,0,0,0,,0
Adam,Osika,,,9,7,6,6,0,6,1,11,0.5454545454545450,9,0.8181818181818180,0,0,0,9,5,5,0,0,0,0,0,0,0,0,0,0,0,0,0,0,0,0,0,,0
Adam,Ghitelman,,,13,0,0,0,0,0,0,0,0,0,0,0,0,0,34,5,2,0,0,0,0,108,0.5046728972,110,10.05969770100340,4,0.3658071891,31492,0,1,0,0,0,0,,0
Adam,Dimillo,,,4,0,0,0,0,0,0,0,0,0,0,0,0,0,3,0,2,0,0,0,0,0,0,0,0,0,0,0,0,0,0,0,0,0,,0
Mike,O'Neil,,,12,1,0,0,0,0,1,8,0,4,0.5,0,0,0,9,1,2,0,0,0,0,0,0,0,0,0,0,0,0,3,0,0,0,0,,0
Michael,Manley,,,7,1,1,1,0,1,0,10,0.1,5,0.5,0,0,0,17,4,6,0,0,0,0,0,0,0,0,0,0,0,0,4,0,0,0,0,,0